,GT_NUM,ERR_RATE,MISS_RATE
252694,4.0,0.9982808022922636,0.25
252847,4.0,0.9953596287703016,0.5
253035,1.0,1.0,1.0
253038,1.0,0.9998465316144874,0.0
253039,1.0,0.9997807017543859,0.0
253082,1.0,1.0,1.0
253087,1.0,1.0,1.0
254903,5.0,0.996276991809382,0.0
254915,3.0,0.9966139954853274,0.0
255515,3.0,1.0,1.0
255524,4.0,1.0,1.0
255526,3.0,1.0,1.0
255531,5.0,1.0,1.0
